{
  "room_31": {
    "bounding_box": {
      "h": 0.07059,
      "x": 0.77212,
      "y": 0.76235,
      "w": 0.10485
    }
  },
  "room_2": {
    "bounding_box": {
      "h": 0.05647,
      "x": 0.34545,
      "y": 0.62039,
      "w": 0.06
    }
  },
  "room_22": {
    "bounding_box": {
      "h": 0.0902,
      "x": 0.57879,
      "y": 0.07765,
      "w": 0.04242
    }
  },
  "room_16": {
    "bounding_box": {
      "h": 0.10118,
      "x": 0.13576,
      "y": 0.08157,
      "w": 0.0703
    }
  },
  "room_4": {
    "bounding_box": {
      "h": 0.05647,
      "x": 0.34667,
      "y": 0.74588,
      "w": 0.06
    }
  },
  "room_27": {
    "bounding_box": {
      "h": 0.0698,
      "x": 0.77394,
      "y": 0.31137,
      "w": 0.10485
    }
  },
  "room_23": {
    "bounding_box": {
      "h": 0.09961,
      "x": 0.62545,
      "y": 0.06745,
      "w": 0.04182
    }
  },
  "room_17": {
    "bounding_box": {
      "h": 0.09961,
      "x": 0.2103,
      "y": 0.08157,
      "w": 0.0703
    }
  },
  "room_6": {
    "bounding_box": {
      "h": 0.09098,
      "x": 0.2103,
      "y": 0.84157,
      "w": 0.0703
    }
  },
  "room_7": {
    "bounding_box": {
      "h": 0.09098,
      "x": 0.13455,
      "y": 0.84157,
      "w": 0.0697
    }
  },
  "room_5": {
    "bounding_box": {
      "h": 0.0902,
      "x": 0.28545,
      "y": 0.84235,
      "w": 0.07273
    }
  },
  "room_29": {
    "bounding_box": {
      "h": 0.05569,
      "x": 0.79758,
      "y": 0.44863,
      "w": 0.08182
    }
  },
  "room_0": {
    "bounding_box": {
      "h": 0.05647,
      "x": 0.34788,
      "y": 0.46196,
      "w": 0.05939
    }
  },
  "room_9": {
    "bounding_box": {
      "h": 0.05725,
      "x": 0.12424,
      "y": 0.6298,
      "w": 0.05697
    }
  },
  "room_12": {
    "bounding_box": {
      "h": 0.05647,
      "x": 0.12424,
      "y": 0.44,
      "w": 0.05697
    }
  },
  "room_34": {
    "bounding_box": {
      "h": 0.05961,
      "x": 0.79576,
      "y": 0.56863,
      "w": 0.09273
    }
  },
  "room_15": {
    "bounding_box": {
      "h": 0.05882,
      "x": 0.12303,
      "y": 0.21569,
      "w": 0.05758
    }
  },
  "room_25": {
    "bounding_box": {
      "h": 0.09098,
      "x": 0.77758,
      "y": 0.07451,
      "w": 0.04909
    }
  },
  "room_14": {
    "bounding_box": {
      "h": 0.08863,
      "x": 0.11152,
      "y": 0.28078,
      "w": 0.06909
    }
  },
  "room_20": {
    "bounding_box": {
      "h": 0.10824,
      "x": 0.45576,
      "y": 0.07765,
      "w": 0.07455
    }
  },
  "room_11": {
    "bounding_box": {
      "h": 0.05725,
      "x": 0.12424,
      "y": 0.50275,
      "w": 0.05697
    }
  },
  "room_24": {
    "bounding_box": {
      "h": 0.09176,
      "x": 0.67091,
      "y": 0.07608,
      "w": 0.10242
    }
  },
  "room_10": {
    "bounding_box": {
      "h": 0.05725,
      "x": 0.12424,
      "y": 0.56627,
      "w": 0.05697
    }
  },
  "room_28": {
    "bounding_box": {
      "h": 0.05804,
      "x": 0.79758,
      "y": 0.38353,
      "w": 0.08121
    }
  },
  "room_1": {
    "bounding_box": {
      "h": 0.08863,
      "x": 0.34485,
      "y": 0.52784,
      "w": 0.06909
    }
  },
  "room_3": {
    "bounding_box": {
      "h": 0.05647,
      "x": 0.34545,
      "y": 0.68549,
      "w": 0.06
    }
  },
  "room_19": {
    "bounding_box": {
      "h": 0.06431,
      "x": 0.34061,
      "y": 0.14431,
      "w": 0.06
    }
  },
  "room_8": {
    "bounding_box": {
      "h": 0.08863,
      "x": 0.11152,
      "y": 0.69333,
      "w": 0.06909
    }
  },
  "room_33": {
    "bounding_box": {
      "h": 0.05804,
      "x": 0.79515,
      "y": 0.63451,
      "w": 0.08182
    }
  },
  "room_30": {
    "bounding_box": {
      "h": 0.05412,
      "x": 0.79758,
      "y": 0.51059,
      "w": 0.08182
    }
  },
  "room_18": {
    "bounding_box": {
      "h": 0.09882,
      "x": 0.28485,
      "y": 0.08157,
      "w": 0.0703
    }
  },
  "room_13": {
    "bounding_box": {
      "h": 0.05647,
      "x": 0.12303,
      "y": 0.37647,
      "w": 0.05758
    }
  },
  "room_26": {
    "bounding_box": {
      "h": 0.08863,
      "x": 0.8303,
      "y": 0.07608,
      "w": 0.05152
    }
  },
  "room_32": {
    "bounding_box": {
      "h": 0.05804,
      "x": 0.79515,
      "y": 0.69961,
      "w": 0.08242
    }
  },
  "room_21": {
    "bounding_box": {
      "h": 0.08941,
      "x": 0.53333,
      "y": 0.07843,
      "w": 0.04242
    }
  }
}
