{
  "room_0": {
    "bounding_box": {
      "y": 0.47451,
      "x": 0.34727,
      "w": 0.04788,
      "h": 0.0549
    }
  },
  "room_1": {
    "bounding_box": {
      "y": 0.53647,
      "x": 0.34727,
      "w": 0.04788,
      "h": 0.0549
    }
  },
  "room_2": {
    "bounding_box": {
      "y": 0.59765,
      "x": 0.34727,
      "w": 0.04788,
      "h": 0.05569
    }
  },
  "room_3": {
    "bounding_box": {
      "y": 0.65961,
      "x": 0.34788,
      "w": 0.06788,
      "h": 0.08627
    }
  },
  "room_4": {
    "bounding_box": {
      "y": 0.7498,
      "x": 0.34727,
      "w": 0.05879,
      "h": 0.05569
    }
  },
  "room_5": {
    "bounding_box": {
      "y": 0.84549,
      "x": 0.28788,
      "w": 0.07091,
      "h": 0.08784
    }
  },
  "room_6": {
    "bounding_box": {
      "y": 0.84471,
      "x": 0.21394,
      "w": 0.06848,
      "h": 0.08863
    }
  },
  "room_7": {
    "bounding_box": {
      "y": 0.84471,
      "x": 0.14,
      "w": 0.06848,
      "h": 0.08863
    }
  },
  "room_8": {
    "bounding_box": {
      "y": 0.75529,
      "x": 0.12909,
      "w": 0.05576,
      "h": 0.05569
    }
  },
  "room_9": {
    "bounding_box": {
      "y": 0.6949,
      "x": 0.12909,
      "w": 0.05576,
      "h": 0.05569
    }
  },
  "room_10": {
    "bounding_box": {
      "y": 0.63216,
      "x": 0.1297,
      "w": 0.05636,
      "h": 0.05569
    }
  },
  "room_11": {
    "bounding_box": {
      "y": 0.5702,
      "x": 0.1297,
      "w": 0.05636,
      "h": 0.05569
    }
  }, 
  "room_12": {
    "bounding_box": {
      "y": 0.50824,
      "x": 0.1297,
      "w": 0.05636,
      "h": 0.05569
    }
  },
  "room_13": {
    "bounding_box": {
      "y": 0.41569,
      "x": 0.11818,
      "w": 0.06788,
      "h": 0.08627
    }
  },
  "room_14": {
    "bounding_box": {
      "y": 0.35294,
      "x": 0.12909,
      "w": 0.05576,
      "h": 0.05569
    }
  },  
  "room_15": {
    "bounding_box": {
      "y": 0.29255,
      "x": 0.12909,
      "w": 0.05576,
      "h": 0.05569
    }
  },
  "room_16": {
    "bounding_box": {
      "y": 0.22745,
      "x": 0.12909,
      "w": 0.05576,
      "h": 0.05725
    }
  },
  "room_17": {
    "bounding_box": {
      "y": 0.10118,
      "x": 0.14121,
      "w": 0.06909,
      "h": 0.09804
    }
  },
  "room_18": {
    "bounding_box": {
      "y": 0.10118,
      "x": 0.21394,
      "w": 0.06848,
      "h": 0.09725
    }
  },
 "room_19": {
    "bounding_box": {
      "y": 0.10118,
      "x": 0.28667,
      "w": 0.08364,
      "h": 0.09647
    }
  },
  "room_20": {
    "bounding_box": {
      "y": 0.16157,
      "x": 0.34121,
      "w": 0.05939,
      "h": 0.06275
    }
  },
  "room_21": {
    "bounding_box": {
      "y": 0.09647,
      "x": 0.45394,
      "w": 0.07333,
      "h": 0.10588
    }
  },
  "room_22": {
    "bounding_box": {
      "y": 0.08706,
      "x": 0.5303,
      "w": 0.04364,
      "h": 0.09804
    }
  },
  "room_23": {
    "bounding_box": {
      "y": 0.0949,
      "x": 0.57697,
      "w": 0.04606,
      "h": 0.08941
    }
  },
 "room_24": {
    "bounding_box": {
      "y": 0.09647,
      "x": 0.62424,
      "w": 0.04545,
      "h": 0.08784
    }
  },
  "room_25": {
    "bounding_box": {
      "y": 0.09647,
      "x": 0.67273,
      "w": 0.1,
      "h": 0.08863
    }
  },
 "room_26": {
    "bounding_box": {
      "y": 0.08706,
      "x": 0.77515,
      "w": 0.04848,
      "h": 0.09569
    }
  },
  "room_27": {
    "bounding_box": {
      "y": 0.09412,
      "x": 0.82727,
      "w": 0.04364,
      "h": 0.08863
    }
  },
  "room_28": {
    "bounding_box": {
      "y": 0.32549,
      "x": 0.76606,
      "w": 0.10242,
      "h": 0.06824
    }
  },
  "room_29": {
    "bounding_box": {
      "y": 0.39608,
      "x": 0.78848,
      "w": 0.08909,
      "h": 0.05804
    }
  },
  "room_30": {
    "bounding_box": {
      "y": 0.45961,
      "x": 0.78848,
      "w": 0.08061,
      "h": 0.0549
    }
  },
  "room_31": {
    "bounding_box": {
      "y": 0.52,
      "x": 0.78848,
      "w": 0.08061,
      "h": 0.05333
    }
  },
  "room_32": {
    "bounding_box": {
      "y": 0.76706,
      "x": 0.76364,
      "w": 0.10242,
      "h": 0.06824
    }
  },

  "room_33": {
    "bounding_box": {
      "y": 0.70431,
      "x": 0.78667,
      "w": 0.09091,
      "h": 0.05804
    }
  },
  "room_34": {
    "bounding_box": {
      "y": 0.64157,
      "x": 0.78667,
      "w": 0.08364,
      "h": 0.05804
    }
  },
  "room_35": {
    "bounding_box": {
      "y": 0.57804,
      "x": 0.78667,
      "w": 0.08364,
      "h": 0.05725
    }
  }
}
