{
  "room_0": {
    "bounding_box": {
      "x": 0.32788,
      "y": 0.45569,
      "h": 0.05569,
      "w": 0.04848
    }
  },
    "room_1": {
    "bounding_box": {
      "x": 0.32788,
      "y": 0.51843,
      "h": 0.05569,
      "w": 0.04848
    }
  },  
  "room_2": {
    "bounding_box": {
      "x": 0.32788,
      "y": 0.58039,
      "h": 0.05647,
      "w": 0.04848
    }
  },
  "room_3": {
    "bounding_box": {
      "x": 0.32727,
      "y": 0.64314,
      "h": 0.08706,
      "w": 0.06909
    }
  },
  "room_4": {
    "bounding_box": {
      "x": 0.32727,
      "y": 0.73725,
      "h": 0.05725,
      "w": 0.04788
    }
  },
   "room_5": {
    "bounding_box": {
      "x": 0.26667,
      "y": 0.83216,
      "h": 0.09804,
      "w": 0.0703
    }
  },
  "room_6": {
    "bounding_box": {
      "x": 0.19212,
      "y": 0.83137,
      "h": 0.09882,
      "w": 0.0697
    }
  },
  "room_7": {
    "bounding_box": {
      "x": 0.11697,
      "y": 0.83216,
      "h": 0.09804,
      "w": 0.0703
    }
  },
  "room_8": {
    "bounding_box": {
      "x": 0.12061,
      "y": 0.74275,
      "h": 0.05647,
      "w": 0.06182
    }
  },
  "room_9": {
    "bounding_box": {
      "x": 0.12061,
      "y": 0.68,
      "h": 0.05569,
      "w": 0.06182
    }
  },
  "room_10": {
    "bounding_box": {
      "x": 0.12061,
      "y": 0.61804,
      "h": 0.05647,
      "w": 0.06242
    }
  },
  "room_11": {
    "bounding_box": {
      "x": 0.10303,
      "y": 0.52392,
      "h": 0.08706,
      "w": 0.08
    }
  },
  "room_12": {
    "bounding_box": {
      "x": 0.12061,
      "y": 0.46353,
      "h": 0.05569,
      "w": 0.06242
    }
  },
  "room_13": {
    "bounding_box": {
      "x": 0.12061,
      "y": 0.40157,
      "h": 0.05647,
      "w": 0.06242
    }
  },
  "room_14": {
    "bounding_box": {
      "x": 0.12,
      "y": 0.33882,
      "h": 0.05569,
      "w": 0.06242
    }
  },
  "room_15": {
    "bounding_box": {
      "x": 0.12061,
      "y": 0.27608,
      "h": 0.05569,
      "w": 0.06121
    }
  },
  "room_16": {
    "bounding_box": {
      "x": 0.12061,
      "y": 0.21333,
      "h": 0.05804,
      "w": 0.06121
    }
  },
  "room_17": {
    "bounding_box": {
      "x": 0.11818,
      "y": 0.08235,
      "h": 0.09961,
      "w": 0.0703
    }
  },
  "room_18": {
    "bounding_box": {
      "x": 0.19212,
      "y": 0.08235,
      "h": 0.09882,
      "w": 0.0697
    }
  },

  "room_19": {
    "bounding_box": {
      "x": 0.26606,
      "y": 0.08235,
      "h": 0.09725,
      "w": 0.0697
    }
  },

  "room_20": {
    "bounding_box": {
      "x": 0.31636,
      "y": 0.14902,
      "h": 0.0549,
      "w": 0.05576
    }
  },

  "room_21": {
    "bounding_box": {
      "x": 0.68182,
      "y": 0.08863,
      "h": 0.0902,
      "w": 0.06121
    }
  },
  "room_22": {
    "bounding_box": {
      "x": 0.74364,
      "y": 0.08863,
      "h": 0.08941,
      "w": 0.06545
    }
  },

  "room_23": {
    "bounding_box": {
      "x": 0.77515,
      "y": 0.30275,
      "h": 0.08863,
      "w": 0.07879
    }
  },
  "room_24": {
    "bounding_box": {
      "x": 0.78909,
      "y": 0.39686,
      "h": 0.05333,
      "w": 0.07273
    }
  },
  "room_25": {
    "bounding_box": {
      "x": 0.78909,
      "y": 0.45569,
      "h": 0.05333,
      "w": 0.06606
    }
  },
  "room_26": {
    "bounding_box": {
      "x": 0.78909,
      "y": 0.51451,
      "h": 0.0549,
      "w": 0.06606
    }
  },
  "room_27": {
    "bounding_box": {
      "x": 0.76727,
      "y": 0.7451,
      "h": 0.08863,
      "w": 0.08848
    }
  },
  "room_28": {
    "bounding_box": {
      "x": 0.7903,
      "y": 0.68863,
      "h": 0.05176,
      "w": 0.07212
    }
  },
  "room_29": {
    "bounding_box": {
      "x": 0.7903,
      "y": 0.63373,
      "h": 0.05255,
      "w": 0.06485
    }
  },  
  "room_30": {
    "bounding_box": {
      "x": 0.78909,
      "y": 0.57333,
      "h": 0.05333,
      "w": 0.06606
    }
  }
}
