{
  "room_0": {
    "bounding_box": [
      0.17636,
      0.64863,
      0.13697,
      0.2502
    ],
    "contour": [
      [
        0.31212,
        0.89804
      ],
      [
        0.19333,
        0.89725
      ],
      [
        0.17636,
        0.64863
      ],
      [
        0.29273,
        0.64941
      ],
      [
        0.31273,
        0.71137
      ]
    ]
  },
  "room_5": {
    "bounding_box": [
      0.46303,
      0.71451,
      0.0303,
      0.02196
    ],
    "contour": [
      [
        0.49273,
        0.72
      ],
      [
        0.49273,
        0.73569
      ],
      [
        0.46303,
        0.7349
      ],
      [
        0.46788,
        0.71529
      ],
      [
        0.48727,
        0.71451
      ],
      [
        0.4897,
        0.71529
      ]
    ]
  },
  "room_6": {
    "bounding_box": [
      0.83394,
      0.45804,
      0.04545,
      0.02824
    ],
    "contour": [
      [
        0.87879,
        0.48549
      ],
      [
        0.83394,
        0.48549
      ],
      [
        0.83394,
        0.45804
      ],
      [
        0.87879,
        0.45804
      ]
    ]
  },
  "room_1": {
    "bounding_box": [
      0.29697,
      0.32549,
      0.39152,
      0.48706
    ],
    "contour": [
      [
        0.66667,
        0.81176
      ],
      [
        0.31758,
        0.81098
      ],
      [
        0.29697,
        0.70118
      ],
      [
        0.29879,
        0.32549
      ],
      [
        0.68667,
        0.32627
      ],
      [
        0.68788,
        0.70118
      ]
    ]
  },
  "room_2": {
    "bounding_box": [
      0.3897,
      0.39059,
      0.10061,
      0.17647
    ],
    "contour": [
      [
        0.4897,
        0.56627
      ],
      [
        0.3897,
        0.56549
      ],
      [
        0.3903,
        0.39059
      ],
      [
        0.4703,
        0.39137
      ],
      [
        0.48788,
        0.42667
      ]
    ]
  },
  "room_4": {
    "bounding_box": [
      0.42121,
      0.71843,
      0.00909,
      0.0149
    ],
    "contour": [
      [
        0.42727,
        0.73176
      ],
      [
        0.42485,
        0.73255
      ],
      [
        0.42121,
        0.72863
      ],
      [
        0.42121,
        0.72235
      ],
      [
        0.42182,
        0.72078
      ],
      [
        0.42424,
        0.71843
      ],
      [
        0.42606,
        0.71843
      ],
      [
        0.42727,
        0.71922
      ],
      [
        0.4297,
        0.72314
      ],
      [
        0.4297,
        0.72784
      ]
    ]
  },
  "room_3": {
    "bounding_box": [
      0.38788,
      0.61725,
      0.04424,
      0.0102
    ],
    "contour": [
      [
        0.43152,
        0.6251
      ],
      [
        0.4297,
        0.62667
      ],
      [
        0.3897,
        0.62667
      ],
      [
        0.38788,
        0.6251
      ],
      [
        0.38788,
        0.62118
      ],
      [
        0.3897,
        0.61961
      ],
      [
        0.42424,
        0.61725
      ],
      [
        0.43091,
        0.62039
      ]
    ]
  }
}
