{
    "room_0": {
    "bounding_box": {
      "w": 0.06424,
      "y": 0.64235,
      "x": 0.23273,
      "h": 0.05412
    }
  },
  "room_1": {
    "bounding_box": {
      "w": 0.04364,
      "y": 0.64157,
      "x": 0.18727,
      "h": 0.07529
    }
  },
  "room_2": {
    "bounding_box": {
      "w": 0.04364,
      "y": 0.72,
      "x": 0.18727,
      "h": 0.07529
    }
  },
  "room_3": {
    "bounding_box": {
      "w": 0.06364,
      "y": 0.79922,
      "x": 0.18727,
      "h": 0.05333
    }
  },
  "room_4": {
    "bounding_box": {
      "w": 0.06364,
      "y": 0.64549,
      "x": 0.72182,
      "h": 0.05333
    }
  },  
  "room_5": {
    "bounding_box": {
      "w": 0.04485,
      "y": 0.64627,
      "x": 0.78667,
      "h": 0.07373
    }
  },
  "room_6": {
    "bounding_box": {
      "w": 0.04485,
      "y": 0.72157,
      "x": 0.78667,
      "h": 0.07765
    }
  },
  "room_7": {
    "bounding_box": {
      "w": 0.06424,
      "y": 0.80157,
      "x": 0.76727,
      "h": 0.05569
    }
  },
  "room_8": {
    "bounding_box": {
      "w": 0.04364,
      "y": 0.47686,
      "x": 0.18727,
      "h": 0.08157
    }
  },
  "room_9": {
    "bounding_box": {
      "w": 0.04364,
      "y": 0.56078,
      "x": 0.18727,
      "h": 0.07765
    }
  },
  "room_10": {
    "bounding_box": {
      "w": 0.06424,
      "y": 0.58824,
      "x": 0.23273,
      "h": 0.05098
    }
  },
  "room_11": {
    "bounding_box": {
      "w": 0.04485,
      "y": 0.48157,
      "x": 0.78667,
      "h": 0.07922
    }
  },
  "room_12": {
    "bounding_box": {
      "w": 0.04485,
      "y": 0.56235,
      "x": 0.78667,
      "h": 0.08078
    }
  },
  "room_13": {
    "bounding_box": {
      "w": 0.06364,
      "y": 0.58902,
      "x": 0.72182,
      "h": 0.05333
    }
  },
  "room_14": {
    "bounding_box": {
      "w": 0.06424,
      "y": 0.31608,
      "x": 0.23273,
      "h": 0.06431
    }
  },
  "room_15": {
    "bounding_box": {
      "w": 0.04364,
      "y": 0.31529,
      "x": 0.18727,
      "h": 0.07843
    }
  },
  "room_16": {
    "bounding_box": {
      "w": 0.04364,
      "y": 0.39529,
      "x": 0.18727,
      "h": 0.07922
    }
  },
  "room_17": {
    "bounding_box": {
      "w": 0.06364,
      "y": 0.32,
      "x": 0.72182,
      "h": 0.05961
    }
  },
  "room_18": {
    "bounding_box": {
      "w": 0.04485,
      "y": 0.32,
      "x": 0.78667,
      "h": 0.07529
    }
  },
  "room_19": {
    "bounding_box": {
      "w": 0.04485,
      "y": 0.39765,
      "x": 0.78667,
      "h": 0.08157
    }
  },
  "room_20": {
    "bounding_box": {
      "w": 0.06364,
      "y": 0.10039,
      "x": 0.18727,
      "h": 0.04863
    }
  },
  "room_21": {
    "bounding_box": {
      "w": 0.04364,
      "y": 0.15059,
      "x": 0.18727,
      "h": 0.08157
    }
  },
  "room_22": {
    "bounding_box": {
      "w": 0.04364,
      "y": 0.23451,
      "x": 0.18727,
      "h": 0.07765
    }
  },
  "room_23": {
    "bounding_box": {
      "w": 0.06424,
      "y": 0.25804,
      "x": 0.23273,
      "h": 0.0549
    }
  },
  "room_24": {
    "bounding_box": {
      "w": 0.06424,
      "y": 0.10118,
      "x": 0.76727,
      "h": 0.05098
    }
  },
  "room_25": {
    "bounding_box": {
      "w": 0.04485,
      "y": 0.15529,
      "x": 0.78667,
      "h": 0.07922
    }
  },

  "room_26": {
    "bounding_box": {
      "w": 0.04485,
      "y": 0.23608,
      "x": 0.78667,
      "h": 0.08078
    }
  },
  "room_27": {
    "bounding_box": {
      "w": 0.06364,
      "y": 0.26039,
      "x": 0.72182,
      "h": 0.05569
    }
  },
  "room_28": {
    "bounding_box": {
      "w": 0.06061,
      "y": 0.15843,
      "x": 0.36788,
      "h": 0.07608
    }
  },
  "room_29": {
    "bounding_box": {
      "w": 0.06061,
      "y": 0.15843,
      "x": 0.5897,
      "h": 0.07608
    }
  },
  "room_30": {
    "bounding_box": {
      "w": 0.05273,
      "y": 0.15843,
      "x": 0.45455,
      "h": 0.07608
    }
  },
  "room_31": {
    "bounding_box": {
      "w": 0.05273,
      "y": 0.15843,
      "x": 0.50909,
      "h": 0.07608
    }
  },
}
