{
  "room_0": {
    "bounding_box": {
      "w": 0.06424,
      "x": 0.22242,
      "h": 0.05412,
      "y": 0.64863
    }
  },  
  "room_1": {
    "bounding_box": {
      "w": 0.04303,
      "x": 0.17758,
      "h": 0.07686,
      "y": 0.64784
    }
  },
  "room_2": {
    "bounding_box": {
      "w": 0.04303,
      "x": 0.17758,
      "h": 0.07529,
      "y": 0.72627
    }
  },
  "room_3": {
    "bounding_box": {
      "w": 0.06364,
      "x": 0.17758,
      "h": 0.05412,
      "y": 0.80549
    }
  },
  "room_4": {
    "bounding_box": {
      "w": 0.06424,
      "x": 0.71273,
      "h": 0.05333,
      "y": 0.6502
    }
  },
  "room_5": {
    "bounding_box": {
      "w": 0.04545,
      "x": 0.77879,
      "h": 0.07373,
      "y": 0.65098
    }
  },
  "room_6": {
    "bounding_box": {
      "w": 0.04727,
      "x": 0.77697,
      "h": 0.07451,
      "y": 0.72706
    }
  },
  "room_7": {
    "bounding_box": {
      "w": 0.06606,
      "x": 0.75818,
      "h": 0.05569,
      "y": 0.80471
    }
  },
  "room_8": {
    "bounding_box": {
      "w": 0.04303,
      "x": 0.17758,
      "h": 0.08235,
      "y": 0.48314
    }
  },
  "room_9": {
    "bounding_box": {
      "w": 0.04303,
      "x": 0.17758,
      "h": 0.07843,
      "y": 0.56706
    }
  },
  "room_10": {
    "bounding_box": {
      "w": 0.06424,
      "x": 0.22242,
      "h": 0.05098,
      "y": 0.59529
    }
  },
  "room_11": {
    "bounding_box": {
      "w": 0.04545,
      "x": 0.77879,
      "h": 0.07922,
      "y": 0.48627
    }
  },
  "room_12": {
    "bounding_box": {
      "w": 0.04545,
      "x": 0.77879,
      "h": 0.08078,
      "y": 0.56706
    }
  },
  "room_13": {
    "bounding_box": {
      "w": 0.06424,
      "x": 0.71273,
      "h": 0.05098,
      "y": 0.59608
    }
  },

  "room_14": {
    "bounding_box": {
      "w": 0.06424,
      "x": 0.22242,
      "h": 0.06431,
      "y": 0.32235
    }
  },
  "room_15": {
    "bounding_box": {
      "w": 0.04303,
      "x": 0.17758,
      "h": 0.07843,
      "y": 0.32157
    }
  },
  "room_16": {
    "bounding_box": {
      "w": 0.04303,
      "x": 0.17758,
      "h": 0.07922,
      "y": 0.40157
    }
  },
  "room_17": {
    "bounding_box": {
      "w": 0.06364,
      "x": 0.71273,
      "h": 0.06118,
      "y": 0.32471
    }
  },
  "room_18": {
    "bounding_box": {
      "w": 0.04545,
      "x": 0.77879,
      "h": 0.07529,
      "y": 0.32471
    }
  },
  "room_19": {
    "bounding_box": {
      "w": 0.04545,
      "x": 0.77879,
      "h": 0.08235,
      "y": 0.40157
    }
  },
  "room_20": {
    "bounding_box": {
      "w": 0.06364,
      "x": 0.17758,
      "h": 0.04863,
      "y": 0.10667
    }
  },
  "room_21": {
    "bounding_box": {
      "w": 0.04303,
      "x": 0.17758,
      "h": 0.08235,
      "y": 0.15686
    }
  },
  "room_22": {
    "bounding_box": {
      "w": 0.04303,
      "x": 0.17758,
      "h": 0.07843,
      "y": 0.24078
    }
  },
  "room_23": {
    "bounding_box": {
      "w": 0.06424,
      "x": 0.22242,
      "h": 0.05569,
      "y": 0.26431
    }
  },
  "room_24": {
    "bounding_box": {
      "w": 0.06606,
      "x": 0.75818,
      "h": 0.04706,
      "y": 0.10745
    }
  },
  "room_25": {
    "bounding_box": {
      "w": 0.04545,
      "x": 0.77879,
      "h": 0.08157,
      "y": 0.15765
    }
  },
  "room_26": {
    "bounding_box": {
      "w": 0.04545,
      "x": 0.77879,
      "h": 0.08078,
      "y": 0.24078
    }
  },
  "room_27": {
    "bounding_box": {
      "w": 0.06424,
      "x": 0.71273,
      "h": 0.05569,
      "y": 0.2651
    }
  },

  "room_28": {
    "bounding_box": {
      "w": 0.0703,
      "x": 0.35758,
      "h": 0.12941,
      "y": 0.28078
    }
  },
  "room_29": {
    "bounding_box": {
      "w": 0.06061,
      "x": 0.35758,
      "h": 0.07529,
      "y": 0.16549
    }
  },

  "room_30": {
    "bounding_box": {
      "w": 0.06909,
      "x": 0.4297,
      "h": 0.13098,
      "y": 0.28
    }
  },
  "room_31": {
    "bounding_box": {
      "w": 0.05273,
      "x": 0.44424,
      "h": 0.07529,
      "y": 0.16549
    }
  },
  "room_32": {
    "bounding_box": {
      "w": 0.06909,
      "x": 0.5,
      "h": 0.12941,
      "y": 0.28078
    }
  },
  "room_33": {
    "bounding_box": {
      "w": 0.05273,
      "x": 0.49879,
      "h": 0.07529,
      "y": 0.16549
    }
  },
  "room_34": {
    "bounding_box": {
      "w": 0.06909,
      "x": 0.57091,
      "h": 0.13098,
      "y": 0.28
    }
  },
  "room_35": {
    "bounding_box": {
      "w": 0.06061,
      "x": 0.57939,
      "h": 0.07529,
      "y": 0.16549
    }
  }
}
