{
  "room_16": {
    "bounding_box": {
      "w": 0.04545,
      "x": 0.60545,
      "h": 0.07922,
      "y": 0.13333
    }
  },
  "room_6": {
    "bounding_box": {
      "w": 0.09091,
      "x": 0.68,
      "h": 0.09098,
      "y": 0.53412
    }
  },
  "room_0": {
    "bounding_box": {
      "w": 0.09091,
      "x": 0.68,
      "h": 0.08941,
      "y": 0.81882
    }
  },
  "room_23": {
    "bounding_box": {
      "w": 0.06,
      "x": 0.35576,
      "h": 0.11608,
      "y": 0.25176
    }
  },
  "room_25": {
    "bounding_box": {
      "w": 0.04303,
      "x": 0.41697,
      "h": 0.07922,
      "y": 0.13333
    }
  },
  "room_24": {
    "bounding_box": {
      "w": 0.04545,
      "x": 0.48545,
      "h": 0.08,
      "y": 0.13255
    }
  },
  "room_17": {
    "bounding_box": {
      "w": 0.04667,
      "x": 0.29636,
      "h": 0.07843,
      "y": 0.13333
    }
  },
  "room_11": {
    "bounding_box": {
      "w": 0.09091,
      "x": 0.17636,
      "h": 0.09176,
      "y": 0.34667
    }
  },
  "room_22": {
    "bounding_box": {
      "w": 0.04606,
      "x": 0.53212,
      "h": 0.08627,
      "y": 0.28157
    }
  },
  "room_13": {
    "bounding_box": {
      "w": 0.09091,
      "x": 0.17636,
      "h": 0.08863,
      "y": 0.25569
    }
  },
  "room_10": {
    "bounding_box": {
      "w": 0.09091,
      "x": 0.68,
      "h": 0.09098,
      "y": 0.34745
    }
  },
  "room_1": {
    "bounding_box": {
      "w": 0.09091,
      "x": 0.17636,
      "h": 0.08863,
      "y": 0.81882
    }
  },
  "room_4": {
    "bounding_box": {
      "w": 0.09091,
      "x": 0.68,
      "h": 0.09569,
      "y": 0.62745
    }
  },
  "room_7": {
    "bounding_box": {
      "w": 0.09091,
      "x": 0.17636,
      "h": 0.09176,
      "y": 0.53333
    }
  },
  "room_9": {
    "bounding_box": {
      "w": 0.09091,
      "x": 0.17636,
      "h": 0.09098,
      "y": 0.44
    }
  },
  "room_8": {
    "bounding_box": {
      "w": 0.09091,
      "x": 0.68,
      "h": 0.09176,
      "y": 0.44
    }
  },
  "room_2": {
    "bounding_box": {
      "w": 0.09091,
      "x": 0.68,
      "h": 0.09098,
      "y": 0.72627
    }
  },
  "room_14": {
    "bounding_box": {
      "w": 0.09091,
      "x": 0.68,
      "h": 0.09098,
      "y": 0.16235
    }
  },
  "room_12": {
    "bounding_box": {
      "w": 0.09091,
      "x": 0.68,
      "h": 0.08941,
      "y": 0.25569
    }
  },
  "room_15": {
    "bounding_box": {
      "w": 0.09091,
      "x": 0.17636,
      "h": 0.09176,
      "y": 0.16157
    }
  },
  "room_3": {
    "bounding_box": {
      "w": 0.09091,
      "x": 0.17636,
      "h": 0.09176,
      "y": 0.72549
    }
  },
  "room_5": {
    "bounding_box": {
      "w": 0.09091,
      "x": 0.17636,
      "h": 0.09569,
      "y": 0.62745
    }
  },
  "room_21": {
    "bounding_box": {
      "w": 0.04667,
      "x": 0.36909,
      "h": 0.07922,
      "y": 0.13333
    }
  },
  "room_18": {
    "bounding_box": {
      "w": 0.04667,
      "x": 0.60424,
      "h": 0.08627,
      "y": 0.28157
    }
  },
  "room_19": {
    "bounding_box": {
      "w": 0.05818,
      "x": 0.29636,
      "h": 0.11529,
      "y": 0.25255
    }
  },
  "room_20": {
    "bounding_box": {
      "w": 0.04727,
      "x": 0.53212,
      "h": 0.07843,
      "y": 0.13333
    }
  }
}
