{
  "room_25": {
    "bounding_box": {
      "x": 0.41636,
      "h": 0.08549,
      "y": 0.08784,
      "w": 0.04545
    }
  },
  "room_11": {
    "bounding_box": {
      "x": 0.15879,
      "h": 0.09804,
      "y": 0.31608,
      "w": 0.09758
    }
  },
  "room_3": {
    "bounding_box": {
      "x": 0.15879,
      "h": 0.09804,
      "y": 0.72078,
      "w": 0.09758
    }
  },
  "room_12": {
    "bounding_box": {
      "x": 0.69697,
      "h": 0.09569,
      "y": 0.21882,
      "w": 0.09758
    }
  },
  "room_0": {
    "bounding_box": {
      "x": 0.69697,
      "h": 0.0949,
      "y": 0.82118,
      "w": 0.09758
    }
  },
  "room_22": {
    "bounding_box": {
      "x": 0.53939,
      "h": 0.09176,
      "y": 0.24706,
      "w": 0.04909
    }
  },
  "room_4": {
    "bounding_box": {
      "x": 0.69697,
      "h": 0.10275,
      "y": 0.61569,
      "w": 0.09758
    }
  },
  "room_7": {
    "bounding_box": {
      "x": 0.15879,
      "h": 0.09804,
      "y": 0.51608,
      "w": 0.09758
    }
  },
  "room_15": {
    "bounding_box": {
      "x": 0.15879,
      "h": 0.09804,
      "y": 0.11843,
      "w": 0.09758
    }
  },
  "room_18": {
    "bounding_box": {
      "x": 0.57576,
      "h": 0.07216,
      "y": 0.24706,
      "w": 0.05333
    }
  },
  "room_9": {
    "bounding_box": {
      "x": 0.15879,
      "h": 0.09725,
      "y": 0.41569,
      "w": 0.09758
    }
  },
  "room_19": {
    "bounding_box": {
      "x": 0.28788,
      "h": 0.12314,
      "y": 0.21569,
      "w": 0.06182
    }
  },
  "room_23": {
    "bounding_box": {
      "x": 0.35091,
      "h": 0.12392,
      "y": 0.2149,
      "w": 0.06424
    }
  },
  "room_10": {
    "bounding_box": {
      "x": 0.69697,
      "h": 0.09725,
      "y": 0.31686,
      "w": 0.09758
    }
  },
  "room_13": {
    "bounding_box": {
      "x": 0.15879,
      "h": 0.0949,
      "y": 0.21882,
      "w": 0.09758
    }
  },
  "room_17": {
    "bounding_box": {
      "x": 0.61636,
      "h": 0.09176,
      "y": 0.24706,
      "w": 0.0497
    }
  },
  "room_8": {
    "bounding_box": {
      "x": 0.69697,
      "h": 0.09804,
      "y": 0.41569,
      "w": 0.09758
    }
  },
  "room_16": {
    "bounding_box": {
      "x": 0.61758,
      "h": 0.08549,
      "y": 0.08784,
      "w": 0.04909
    }
  },
  "room_14": {
    "bounding_box": {
      "x": 0.69697,
      "h": 0.09725,
      "y": 0.11922,
      "w": 0.09758
    }
  },
  "room_24": {
    "bounding_box": {
      "x": 0.4897,
      "h": 0.08627,
      "y": 0.08706,
      "w": 0.04788
    }
  },
  "room_1": {
    "bounding_box": {
      "x": 0.15879,
      "h": 0.09412,
      "y": 0.82118,
      "w": 0.09758
    }
  },
  "room_21": {
    "bounding_box": {
      "x": 0.36485,
      "h": 0.08549,
      "y": 0.08784,
      "w": 0.0503
    }
  },
  "room_6": {
    "bounding_box": {
      "x": 0.69697,
      "h": 0.09725,
      "y": 0.51686,
      "w": 0.09758
    }
  },
  "room_2": {
    "bounding_box": {
      "x": 0.69697,
      "h": 0.09725,
      "y": 0.72157,
      "w": 0.09758
    }
  },
  "room_20": {
    "bounding_box": {
      "x": 0.53939,
      "h": 0.08471,
      "y": 0.08784,
      "w": 0.05091
    }
  },
  "room_5": {
    "bounding_box": {
      "x": 0.15879,
      "h": 0.10275,
      "y": 0.61569,
      "w": 0.09758
    }
  }
}
