{
    "assets": [
            "url(/assets/atwood1.png)",
            "url(/assets/atwood2.png)",
            "url(/assets/atwood3.png)"
    ],
    "floors": {
        "1": {
          "room_0": {
            "bounding_box": {
              "x": 0.09912,
              "y": 0.57526,
              "w": 0.13123,
              "h": 0.0607
            }
          },
          "room_1": {
            "bounding_box": {
              "x": 0.09877,
              "y": 0.37754,
              "w": 0.13158,
              "h": 0.06088
            }
          },
          "room_2": {
            "bounding_box": {
              "x": 0.09912,
              "y": 0.6386,
              "w": 0.09579,
              "h": 0.06281
            }
          },
          "room_3": {
            "bounding_box": {
              "x": 0.09877,
              "y": 0.31193,
              "w": 0.09614,
              "h": 0.06298
            }
          },
          "room_4": {
            "bounding_box": {
              "x": 0.09912,
              "y": 0.70421,
              "w": 0.09579,
              "h": 0.06316
            }
          },
          "room_5": {
            "bounding_box": {
              "x": 0.09877,
              "y": 0.24614,
              "w": 0.09614,
              "h": 0.06298
            }
          },
          "room_6": {
            "bounding_box": {
              "x": 0.09912,
              "y": 0.77018,
              "w": 0.12877,
              "h": 0.12877
            }
          },
          "room_7": {
            "bounding_box": {
              "x": 0.09877,
              "y": 0.11211,
              "w": 0.12912,
              "h": 0.13123
            }
          },
          "room_8": {
            "bounding_box": {
              "x": 0.23035,
              "y": 0.80561,
              "w": 0.06333,
              "h": 0.09333
            }
          },
          "room_9": {
            "bounding_box": {
              "x": 0.23035,
              "y": 0.11211,
              "w": 0.06333,
              "h": 0.09579
            }
          },
          "room_10": {
            "bounding_box": {
              "x": 0.29614,
              "y": 0.80561,
              "w": 0.06579,
              "h": 0.09333
            }
          },
          "room_11": {
            "bounding_box": {
              "x": 0.29614,
              "y": 0.11211,
              "w": 0.06579,
              "h": 0.09579
            }
          },
          "room_12": {
            "bounding_box": {
              "x": 0.36439,
              "y": 0.77018,
              "w": 0.11579,
              "h": 0.1286
            }
          },
          "room_13": {
            "bounding_box": {
              "x": 0.36439,
              "y": 0.11228,
              "w": 0.12035,
              "h": 0.13105
            }
          },
          "room_14": {
            "bounding_box": {
              "x": 0.50421,
              "y": 0.77,
              "w": 0.11842,
              "h": 0.12912
            }
          },
          "room_15": {
            "bounding_box": {
              "x": 0.50474,
              "y": 0.11228,
              "w": 0.11789,
              "h": 0.13105
            }
          },
          "room_16": {
            "bounding_box": {
              "x": 0.62509,
              "y": 0.80561,
              "w": 0.06579,
              "h": 0.09333
            }
          },
          "room_17": {
            "bounding_box": {
              "x": 0.62509,
              "y": 0.11211,
              "w": 0.06579,
              "h": 0.09579
            }
          },
          "room_18": {
            "bounding_box": {
              "x": 0.69351,
              "y": 0.80561,
              "w": 0.06316,
              "h": 0.09333
            }
          },
          "room_19": {
            "bounding_box": {
              "x": 0.69351,
              "y": 0.11211,
              "w": 0.06316,
              "h": 0.09579
            }
          },
          "room_20": {
            "bounding_box": {
              "x": 0.75912,
              "y": 0.77018,
              "w": 0.12649,
              "h": 0.12877
            }
          },
          "room_21": {
            "bounding_box": {
              "x": 0.75912,
              "y": 0.11211,
              "w": 0.12649,
              "h": 0.13123
            }
          },
          "room_22": {
            "bounding_box": {
              "x": 0.79211,
              "y": 0.70421,
              "w": 0.09351,
              "h": 0.06316
            }
          },
          "room_23": {
            "bounding_box": {
              "x": 0.79211,
              "y": 0.24614,
              "w": 0.09351,
              "h": 0.06298
            }
          },
          "room_24": {
            "bounding_box": {
              "x": 0.79211,
              "y": 0.6386,
              "w": 0.09351,
              "h": 0.06281
            }
          },
          "room_25": {
            "bounding_box": {
              "x": 0.79211,
              "y": 0.31193,
              "w": 0.09351,
              "h": 0.06298
            }
          },
          "room_26": {
            "bounding_box": {
              "x": 0.75702,
              "y": 0.57526,
              "w": 0.1286,
              "h": 0.0607
            }
          },
          "room_27": {
            "bounding_box": {
              "x": 0.75667,
              "y": 0.37754,
              "w": 0.12895,
              "h": 0.06088
            }
          }
      },
      "2": {
          "room_0": {
            "bounding_box": {
              "x": 0.21,
              "y": 0.5702,
              "w": 0.09606,
              "h": 0.05765
            }
          },
          "room_1": {
            "bounding_box": {
              "x": 0.21,
              "y": 0.38471,
              "w": 0.09606,
              "h": 0.05765
            }
          },
          "room_2": {
            "bounding_box": {
              "x": 0.21,
              "y": 0.6302,
              "w": 0.0703,
              "h": 0.05922
            }
          },
          "room_3": {
            "bounding_box": {
              "x": 0.21,
              "y": 0.32314,
              "w": 0.0703,
              "h": 0.05922
            }
          },
          "room_4": {
            "bounding_box": {
              "x": 0.21,
              "y": 0.69216,
              "w": 0.0703,
              "h": 0.05882
            }
          },
          "room_5": {
            "bounding_box": {
              "x": 0.21,
              "y": 0.26118,
              "w": 0.0703,
              "h": 0.05922
            }
          },
          "room_6": {
            "bounding_box": {
              "x": 0.21,
              "y": 0.75373,
              "w": 0.09424,
              "h": 0.12118
            }
          },
          "room_7": {
            "bounding_box": {
              "x": 0.21,
              "y": 0.13529,
              "w": 0.09424,
              "h": 0.12314
            }
          },
          "room_8": {
            "bounding_box": {
              "x": 0.30576,
              "y": 0.78706,
              "w": 0.04636,
              "h": 0.08784
            }
          },
          "room_9": {
            "bounding_box": {
              "x": 0.30576,
              "y": 0.13529,
              "w": 0.04636,
              "h": 0.0902
            }
          },
          "room_10": {
            "bounding_box": {
              "x": 0.35364,
              "y": 0.78706,
              "w": 0.04788,
              "h": 0.08784
            }
          },
          "room_11": {
            "bounding_box": {
              "x": 0.35364,
              "y": 0.13529,
              "w": 0.04788,
              "h": 0.0902
            }
          },
          "room_12": {
            "bounding_box": {
              "x": 0.40303,
              "y": 0.75373,
              "w": 0.08424,
              "h": 0.12078
            }
          },