{
    "assets": [
            "url(/assets/case1.png)",
            "url(/assets/case2.png)"
    ],
        "floors": {
            "1": {
              "room_0": {
                "bounding_box": {
                  "x": 0.1603,
                  "y": 0.27373,
                  "w": 0.08242,
                  "h": 0.06353
                },
                "num": "101"
              },
              "room_1": {
                "bounding_box": {
                  "x": 0.1603,
                  "y": 0.34,
                  "w": 0.08242,
                  "h": 0.06353
                },
                "num": "102"
              },
              "room_2": {
                "bounding_box": {
                  "x": 0.1603,
                  "y": 0.40588,
                  "w": 0.08242,
                  "h": 0.06392
              },
              "num": "103"
              },
              "room_3": {
                "bounding_box": {
                  "x": 0.1603,
                  "y": 0.47216,
                  "w": 0.08242,
                  "h": 0.06353
              },
              "num": "104"
              },
              "room_4": {
                "bounding_box": {
                  "x": 0.17727,
                  "y": 0.53843,
                  "w": 0.06545,
                  "h": 0.05922
              },
              "num": "105"
              },
              "room_5": {
                "bounding_box": {
                  "x": 0.17727,
                  "y": 0.60039,
                  "w": 0.06545,
                  "h": 0.05686
              },
              "num": "106"
              },
              "room_6": {
                "bounding_box": {
                  "x": 0.17727,
                  "y": 0.66,
                  "w": 0.06545,
                  "h": 0.05922
              },
              "num": "107"
              },
              "room_7": {
                "bounding_box": {
                  "x": 0.17727,
                  "y": 0.72157,
                  "w": 0.06545,
                  "h": 0.05725
              },
              "num": "108"
              },
              "room_8": {
                "bounding_box": {
                  "x": 0.27121,
                  "y": 0.81608,
                  "w": 0.04485,
                  "h": 0.08392
              },
              "num": "118"
              },
              "room_9": {
                "bounding_box": {
                  "x": 0.31758,
                  "y": 0.81569,
                  "w": 0.04455,
                  "h": 0.08471
              },
                "num": "119"
              },
              "room_10": {
                "bounding_box": {
                  "x": 0.36364,
                  "y": 0.81608,
                  "w": 0.04636,
                  "h": 0.08392
              },
              "num": "120"
              },
              "room_11": {
                "bounding_box": {
                  "x": 0.41152,
                  "y": 0.81569,
                  "w": 0.04576,
                  "h": 0.08471
              },
              "num":"21"
              },
              "room_12": {
                "bounding_box": {
                  "x": 0.45879,
                  "y": 0.81569,
                  "w": 0.0497,
                  "h": 0.10627
              },
              "num": "122"
              },
              "room_13": {
                "bounding_box": {
                  "x": 0.51,
                  "y": 0.81608,
                  "w": 0.0497,
                  "h": 0.10588
              },
              "num": "123"
              },
              "room_14": {
                "bounding_box": {
                  "x": 0.56091,
                  "y": 0.81569,
                  "w": 0.05,
                  "h": 0.10627
              },
              "num": "124"
              },
              "room_15": {
                "bounding_box": {
                  "x": 0.61212,
                  "y": 0.81608,
                  "w": 0.04848,
                  "h": 0.10588
              },
                "num": "125"
              },
              "room_16": {
                "bounding_box": {
                  "x": 0.74727,
                  "y": 0.63922,
                  "w": 0.08394,
                  "h": 0.06275
              },
              "num": "140"
              },
              "room_17": {
                "bounding_box": {
                  "x": 0.74727,
                  "y": 0.57333,
                  "w": 0.08394,
                  "h": 0.06353
              },
              "num": "141"
              },
              "room_18": {
                "bounding_box": {
                  "x": 0.74727,
                  "y": 0.50706,
                  "w": 0.08394,
                  "h": 0.06353
              },
              "num": "142"
              },
              "room_19": {
                "bounding_box": {
                  "x": 0.74727,
                  "y": 0.43922,
                  "w": 0.08394,
                  "h": 0.0651
              },
              "num": "143"
              },
              "room_20": {
                "bounding_box": {
                  "x": 0.74727,
                  "y": 0.37922,
                  "w": 0.06697,
                  "h": 0.05765
              },
              "num": "144"
          },
              "room_21": {
                "bounding_box": {
                  "x": 0.74727,
                  "y": 0.31765,
                  "w": 0.06697,
                  "h": 0.05922
              },
              "num": "145"
              },
              "room_22": {
                "bounding_box": {
                  "x": 0.74727,
                  "y": 0.25765,
                  "w": 0.06697,
                  "h": 0.05804
              },
              "num": "146"
              },
              "room_23": {
                "bounding_box": {
                  "x": 0.74727,
                  "y": 0.19647,
                  "w": 0.06697,
                  "h": 0.05922
              },
              "num": "147"
              },
              "room_24": {
                "bounding_box": {
                  "x": 0.67394,
                  "y": 0.0749,
                  "w": 0.04303,
                  "h": 0.08784
              },
              "num": "148"
              },
              "room_25": {
                "bounding_box": {
                  "x": 0.62788,
                  "y": 0.0749,
                  "w": 0.04485,
                  "h": 0.08745
              },
              "num": "149"
              },
              "room_26": {
                "bounding_box": {
                  "x": 0.5803,
                  "y": 0.0749,
                  "w": 0.04636,
                  "h": 0.08784
              },
              "num": "150"
              },
              "room_27": {
                "bounding_box": {
                  "x": 0.53545,
                  "y": 0.0749,
                  "w": 0.04333,
                  "h": 0.08745
              },
              "num": "151"
              },
              "room_28": {
                "bounding_box": {
                  "x": 0.48424,
                  "y": 0.05294,
                  "w": 0.05,
                  "h": 0.10941
              },
              "num": "152"
              },
              "room_29": {
                "bounding_box": {
                  "x": 0.43303,
                  "y": 0.05255,
                  "w": 0.05,
                  "h": 0.1102
              },
              "num": "153"
              },
              "room_30": {
                "bounding_box": {
                  "x": 0.38182,
                  "y": 0.05294,
                  "w": 0.05,
                  "h": 0.10941
              },
              "num": "154"
              },
              "room_31": {
                "bounding_box": {
                  "x": 0.33091,
                  "y": 0.05255,
                  "w": 0.0497,