{
    "assets": [
            "url(/assets/east1.png)",
            "url(/assets/east2.png)"
    ],
    "floors": {
        "1": {
          "room_0": {
            "bounding_box": {
             "x":  0.70727,
             "y":  0.82157,
             "w":  0.09697,
             "h":  0.0949
            }
          },
          "room_1": {
            "bounding_box": {
             "x":  0.17121,
             "y":  0.82157,
             "w":  0.09697,
             "h":  0.09451
            }
          },
          "room_2": {
            "bounding_box": {
             "x":  0.70727,
             "y":  0.72235,
             "w":  0.09697,
             "h":  0.09686
            }
          },
          "room_3": {
            "bounding_box": {
             "x":  0.17121,
             "y":  0.72196,
             "w":  0.09697,
             "h":  0.09725
            }
          },
          "room_4": {
            "bounding_box": {
             "x":  0.70727,
             "y":  0.61725,
             "w":  0.09697,
             "h":  0.10235
            }
          },
          "room_5": {
            "bounding_box": {
             "x":  0.17121,
             "y":  0.61725,
             "w":  0.09697,
             "h":  0.10235
            }
          },
          "room_6": {
            "bounding_box": {
             "x":  0.70727,
             "y":  0.51843,
             "w":  0.09697,
             "h":  0.09686
            }
          },
          "room_7": {
            "bounding_box": {
             "x":  0.17121,
             "y":  0.51804,
             "w":  0.09697,
             "h":  0.09725
            }
          },
          "room_8": {
            "bounding_box": {
             "x":  0.70727,
             "y":  0.41843,
             "w":  0.09697,
             "h":  0.09725
            }
          },
          "room_9": {
            "bounding_box": {
             "x":  0.17121,
             "y":  0.41843,
             "w":  0.09697,
             "h":  0.09686
            }
          },
          "room_10": {
            "bounding_box": {
             "x":  0.70727,
             "y":  0.31922,
             "w":  0.09697,
             "h":  0.09686
            }
          },
          "room_11": {
            "bounding_box": {
             "x":  0.17121,
             "y":  0.31882,
             "w":  0.09697,
             "h":  0.09725
            }
          },
          "room_12": {
            "bounding_box": {
             "x":  0.70727,
             "y":  0.22196,
             "w":  0.09697,
             "h":  0.09451
            }
          },
          "room_13": {
            "bounding_box": {
             "x":  0.17121,
             "y":  0.22196,
             "w":  0.09697,
             "h":  0.09412
            }
          },
          "room_14": {
            "bounding_box": {
             "x":  0.70727,
             "y":  0.12275,
             "w":  0.09697,
             "h":  0.09686
            }
          },
          "room_15": {
            "bounding_box": {
             "x":  0.17121,
             "y":  0.12235,
             "w":  0.09697,
             "h":  0.09725
            }
          },
          "room_16": {
            "bounding_box": {
             "x":  0.62727,
             "y":  0.09137,
             "w":  0.04909,
             "h":  0.0851
            }
          },
          "room_17": {
            "bounding_box": {
             "x":  0.29939,
             "y":  0.09098,
             "w":  0.04848,
             "h":  0.08549
            }
          },
          "room_18": {
            "bounding_box": {
             "x":  0.61515,
             "y":  0.21922,
             "w":  0.06121,
             "h":  0.12275
            }
          },
          "room_19": {
            "bounding_box": {
             "x":  0.3,
             "y":  0.2498,
             "w":  0.04879,
             "h":  0.09255
            }
          },
          "room_20": {
            "bounding_box": {
             "x":  0.55,
             "y":  0.09137,
             "w":  0.04939,
             "h":  0.08471
            }
          },
          "room_21": {
            "bounding_box": {
             "x":  0.37545,
             "y":  0.09137,
             "w":  0.05061,
             "h":  0.0851
            }
          },
          "room_22": {
            "bounding_box": {
             "x":  0.55,
             "y":  0.21725,
             "w":  0.06333,
             "h":  0.12471
            }
          },
          "room_23": {
            "bounding_box": {
             "x":  0.37697,
             "y":  0.2498,
             "w":  0.04909,
             "h":  0.09255
            }
          },
          "room_24": {
            "bounding_box": {
             "x":  0.50303,
             "y":  0.09098,
             "w":  0.04515,
             "h":  0.08549
            }
          },
          "room_25": {
            "bounding_box": {
             "x":  0.42758,
             "y":  0.09137,
             "w":  0.04758,
             "h":  0.08471
            }
        }
    },
    
    "2": {
      "room_0": {
        "bounding_box": {
          "x": 0.69515,
          "y": 0.82118,
          "w": 0.09212,
          "h": 0.08941
        }
      },
      "room_1": {
        "bounding_box": {
          "x": 0.1897,
          "y": 0.82118,
          "w": 0.09152,
          "h": 0.08863
        }
      },
      "room_2": {
        "bounding_box": {
          "x": 0.69515,
          "y": 0.72784,
          "w": 0.09212,
          "h": 0.09098
        }
      },
      "room_3": {
        "bounding_box": {
          "x": 0.1897,
          "y": 0.72706,
          "w": 0.09152,
          "h": 0.09176
        }
      },
      "room_4": {
        "bounding_box": {
          "x": 0.69515,
          "y": 0.62824,
          "w": 0.09212,
          "h": 0.09647
        }
      },
      "room_5": {
        "bounding_box": {
          "x": 0.1897,
          "y": 0.62824,
          "w": 0.09152,
          "h": 0.09647
        }
      },
      "room_6": {
        "bounding_box": {
          "x": 0.69515,
          "y": 0.5349,
          "w": 0.09212,
          "h": 0.09176
        }
      },
      "room_7": {
        "bounding_box": {
          "x": 0.1897,
          "y": 0.53412,
          "w": 0.09152,
          "h": 0.09255
        }
      },
      "room_8": {
        "bounding_box": {
          "x": 0.69515,
          "y": 0.44,
          "w": 0.09212,
          "h": 0.09255
        }
      },
      "room_9": {
        "bounding_box": {
          "x": 0.1897,
          "y": 0.44,
          "w": 0.09152,
          "h": 0.09176
        }
      },
      "room_10": {
        "bounding_box": {
          "x": 0.69515,
          "y": 0.34745,
          "w": 0.09212,
          "h": 0.09098
        }
      },
      "room_11": {
        "bounding_box": {
          "x": 0.1897,
          "y": 0.34667,
          "w": 0.09152,
          "h": 0.09176
        }
      },
      "room_12": {
        "bounding_box": {
          "x": 0.69515,
          "y": 0.2549,
          "w": 0.09212,
          "h": 0.08941
        }
      },
      "room_13": {
        "bounding_box": {
          "x": 0.1897,
          "y": 0.2549,
          "w": 0.09152,
          "h": 0.08863
        }
      },
      "room_14": {
        "bounding_box": {
          "x": 0.69515,
          "y": 0.16157,
          "w": 0.09212,
          "h": 0.09176
        }
      },
      "room_15": {
        "bounding_box": {
          "x": 0.1897,
          "y": 0.16078,
          "w": 0.09152,
          "h": 0.09255
        }
      },
      "room_16": {
        "bounding_box": {
          "x": 0.62,
          "y": 0.13255,
          "w": 0.04667,
          "h": 0.08
        }
      },
      "room_17": {
        "bounding_box": {
          "x": 0.31091,
          "y": 0.13176,
          "w": 0.04545,
          "h": 0.08078
        }
      },
      "room_18": {
        "bounding_box": {
          "x": 0.60848,