{
    "assets": [
            "url(/assets/east1.png)",
            "url(/assets/east2.png)"
    ],
    "floors": {
        "1": {
          "room_0": {
            "bounding_box": {
             "x":  0.70727,
             "y":  0.82157,
             "w":  0.09697,
             "h":  0.0949
            }
          },
          "room_1": {
            "bounding_box": {
             "x":  0.17121,
             "y":  0.82157,
             "w":  0.09697,
             "h":  0.09451
            }
          },
          "room_2": {
            "bounding_box": {
             "x":  0.70727,
             "y":  0.72235,
             "w":  0.09697,
             "h":  0.09686
            }
          },
          "room_3": {
            "bounding_box": {
             "x":  0.17121,
             "y":  0.72196,
             "w":  0.09697,
             "h":  0.09725
            }
          },
          "room_4": {
            "bounding_box": {
             "x":  0.70727,
             "y":  0.61725,
             "w":  0.09697,
             "h":  0.10235
            }
          },
          "room_5": {
            "bounding_box": {
             "x":  0.17121,
             "y":  0.61725,
             "w":  0.09697,
             "h":  0.10235
            }
          },
          "room_6": {
            "bounding_box": {
             "x":  0.70727,
             "y":  0.51843,
             "w":  0.09697,
             "h":  0.09686
            }
          },
          "room_7": {
            "bounding_box": {
             "x":  0.17121,
             "y":  0.51804,
             "w":  0.09697,
             "h":  0.09725
            }
          },
          "room_8": {
            "bounding_box": {
             "x":  0.70727,
             "y":  0.41843,
             "w":  0.09697,
             "h":  0.09725
            }
          },
          "room_9": {
            "bounding_box": {
             "x":  0.17121,
             "y":  0.41843,
             "w":  0.09697,
             "h":  0.09686
            }
          },
          "room_10": {
            "bounding_box": {
             "x":  0.70727,
             "y":  0.31922,
             "w":  0.09697,
             "h":  0.09686
            }
          },
          "room_11": {
            "bounding_box": {
             "x":  0.17121,
             "y":  0.31882,
             "w":  0.09697,
             "h":  0.09725
            }
          },
          "room_12": {
            "bounding_box": {
             "x":  0.70727,
             "y":  0.22196,
             "w":  0.09697,
             "h":  0.09451
            }
          },
          "room_13": {
            "bounding_box": {
             "x":  0.17121,
             "y":  0.22196,
             "w":  0.09697,
             "h":  0.09412
            }
          },
          "room_14": {
            "bounding_box": {
             "x":  0.70727,
             "y":  0.12275,
             "w":  0.09697,
             "h":  0.09686
            }
          },
          "room_15": {
            "bounding_box": {
             "x":  0.17121,
             "y":  0.12235,
             "w":  0.09697,
             "h":  0.09725
            }
          },
          "room_16": {
            "bounding_box": {
             "x":  0.62727,
             "y":  0.09137,
             "w":  0.04909,
             "h":  0.0851
            }
          },
          "room_17": {
            "bounding_box": {
             "x":  0.29939,
             "y":  0.09098,
             "w":  0.04848,
             "h":  0.08549
            }
          },
          "room_18": {
            "bounding_box": {
             "x":  0.61515,
             "y":  0.21922,
             "w":  0.06121,
             "h":  0.12275
            }
          },
          "room_19": {
            "bounding_box": {
             "x":  0.3,
             "y":  0.2498,
             "w":  0.04879,
             "h":  0.09255
            }
          },
          "room_20": {
            "bounding_box": {
             "x":  0.55,
             "y":  0.09137,
             "w":  0.04939,
             "h":  0.08471
            }
          },
          "room_21": {
            "bounding_box": {
             "x":  0.37545,
             "y":  0.09137,
             "w":  0.05061,
             "h":  0.0851
            }
          },
          "room_22": {
            "bounding_box": {
             "x":  0.55,
             "y":  0.21725,
             "w":  0.06333,
             "h":  0.12471
            }
          },
          "room_23": {
            "bounding_box": {
             "x":  0.37697,
             "y":  0.2498,
             "w":  0.04909,
             "h":  0.09255
            }
          },
          "room_24": {
            "bounding_box": {
             "x":  0.50303,
             "y":  0.09098,
             "w":  0.04515,
             "h":  0.08549
            }
          },
          "room_25": {
            "bounding_box": {
             "x":  0.42758,
             "y":  0.09137,
             "w":  0.04758,
             "h":  0.08471
            }
        }
    },
    
    "2": {
        "room_0": {
          "bounding_box": {
            "x": 0.1703,
            "y": 0.29451,
            "w": 0.0803,
            "h": 0.06196
          }
        },
        "room_1": {
          "bounding_box": {
            "x": 0.1703,
            "y": 0.35882,
            "w": 0.0803,
            "h": 0.06196
          }
        },
        "room_2": {
          "bounding_box": {
            "x": 0.1703,
            "y": 0.42314,
            "w": 0.0803,
            "h": 0.06196
          }
        },
        "room_3": {
          "bounding_box": {
            "x": 0.1703,
            "y": 0.48745,
            "w": 0.0803,
            "h": 0.06196
          }
        },
        "room_4": {
          "bounding_box": {
            "x": 0.18697,
            "y": 0.55176,
            "w": 0.06364,
            "h": 0.05765
          }
        },
        "room_5": {
          "bounding_box": {
            "x": 0.18697,
            "y": 0.61216,
            "w": 0.06364,
            "h": 0.05529
          }
        },
        "room_6": {
          "bounding_box": {
            "x": 0.18697,
            "y": 0.6698,
            "w": 0.06364,
            "h": 0.05765
          }
        },
        "room_7": {
          "bounding_box": {
            "x": 0.18697,
            "y": 0.7298,
            "w": 0.06364,
            "h": 0.05569
          }
        },
        "room_8": {
          "bounding_box": {
            "x": 0.27818,
            "y": 0.82118,
            "w": 0.04364,
            "h": 0.08196
          }
        },
        "room_9": {
          "bounding_box": {
            "x": 0.32333,
            "y": 0.82118,
            "w": 0.04333,
            "h": 0.08235
          }
        },
        "room_10": {
          "bounding_box": {
            "x": 0.36788,
            "y": 0.82157,
            "w": 0.04515,
            "h": 0.08157
          }
        },
        "room_11": {
          "bounding_box": {
            "x": 0.41424,
            "y": 0.82118,
            "w": 0.04485,
            "h": 0.08235
          }
        },
        "room_12": {
          "bounding_box": {
            "x": 0.4603,
            "y": 0.82118,
            "w": 0.04848,
            "h": 0.10353
          }
        },
        "room_13": {
          "bounding_box": {
            "x": 0.51,
            "y": 0.82157,
            "w": 0.04848,
            "h": 0.10314
          }
        },
        "room_14": {
          "bounding_box": {
            "x": 0.5597,
            "y": 0.82118,
            "w": 0.04848,
            "h": 0.10353
          }
        },
        "room_15": {
          "bounding_box": {
            "x": 0.60939,
            "y": 0.82157,
            "w": 0.04727,
            "h": 0.10314
          }
        },
        "room_16": {
          "bounding_box": {
            "x": 0.74061,
            "y": 0.6498,
            "w": 0.08152,