{
    "assets": [
            "url(/assets/linde1.png)",
            "url(/assets/linde2.png)"
    ],
    "floors": {
        "1": {
        "room_0": {
          "bounding_box": {
            "x": 0.16909,
            "h": 0.06745,
            "y": 0.18196,
            "w": 0.05818
          }
        },
        "room_1": {
          "bounding_box": {
            "x": 0.16909,
            "h": 0.07294,
            "y": 0.10745,
            "w": 0.05818
          }
        },
        "room_2": {
          "bounding_box": {
            "x": 0.22606,
            "h": 0.0949,
            "y": 0.05882,
            "w": 0.06848
          }
        },
        "room_3": {
          "bounding_box": {
            "x": 0.29576,
            "h": 0.0949,
            "y": 0.05882,
            "w": 0.06788
          }
        },
        "room_4": {
          "bounding_box": {
            "x": 0.36485,
            "h": 0.0949,
            "y": 0.05882,
            "w": 0.0697
          }
        },
        "room_5": {
          "bounding_box": {
            "x": 0.43576,
            "h": 0.0949,
            "y": 0.05882,
            "w": 0.0697
          }
        },
        "room_6": {
          "bounding_box": {
            "x": 0.4897,
            "h": 0.14353,
            "y": 0.10667,
            "w": 0.07152
          }
        },
        "room_7": {
          "bounding_box": {
            "x": 0.56242,
            "h": 0.0949,
            "y": 0.05882,
            "w": 0.06848
          }
        },
        "room_8": {
          "bounding_box": {
            "x": 0.63273,
            "h": 0.0949,
            "y": 0.05882,
            "w": 0.06727
          }
        },
        "room_9": {
          "bounding_box": {
            "x": 0.70121,
            "h": 0.07765,
            "y": 0.10745,
            "w": 0.05636
          }
        },
      "room_10": {
        "bounding_box": {
          "x": 0.70182,
          "h": 0.06275,
          "y": 0.18667,
          "w": 0.05576
        }
      },
      "room_11": {
        "bounding_box": {
          "x": 0.68848,
          "h": 0.08,
          "y": 0.73647,
          "w": 0.06788
        }
      },
      "room_12": {
        "bounding_box": {
          "x": 0.71091,
          "h": 0.06902,
          "y": 0.79686,
          "w": 0.04545
        }
    },
    "room_13": {
      "bounding_box": {
        "x": 0.6897,
        "h": 0.06745,
        "y": 0.85882,
        "w": 0.06667
      }
    },
    "room_14": {
      "bounding_box": {
        "x": 0.64667,
        "h": 0.07451,
        "y": 0.85176,
        "w": 0.04182
      }
    },
    
    "room_15": {
      "bounding_box": {
        "x": 0.56121,
        "h": 0.09647,
        "y": 0.8298,
        "w": 0.08424
      }
    },
    "room_16": {
      "bounding_box": {
        "x": 0.48848,
        "h": 0.14353,
        "y": 0.73569,
        "w": 0.07152
      }
    },
    "room_17": {
      "bounding_box": {
        "x": 0.43636,
        "h": 0.09333,
        "y": 0.83294,
        "w": 0.06727
      }
    },
    "room_18": {
      "bounding_box": {
        "x": 0.36606,
        "h": 0.09412,
        "y": 0.83216,
        "w": 0.06848
      }
    },
    "room_19": {
      "bounding_box": {
        "x": 0.29576,
        "h": 0.09412,
        "y": 0.83216,
        "w": 0.0697
      }
    },
      "room_20": {
        "bounding_box": {
          "x": 0.22485,
          "h": 0.09412,
          "y": 0.83216,
          "w": 0.06909
        }
      },
      "room_21": {
        "bounding_box": {
          "x": 0.1703,
          "h": 0.07294,
          "y": 0.80549,
          "w": 0.05818
        }
      },
      "room_22": {
        "bounding_box": {
          "x": 0.1703,
          "h": 0.06745,
          "y": 0.73647,
          "w": 0.05818
        }
      },
    },
    "2": {
        "room_0": {
          "bounding_box": {
            "y": 0.18118,
            "w": 0.05576,
            "x": 0.17212,
            "h": 0.0651
          }
        },
        "room_1": {
          "bounding_box": {
            "y": 0.11137,
            "w": 0.05576,
            "x": 0.17212,
            "h": 0.06824
          }
        },
        "room_2": {
          "bounding_box": {
            "y": 0.0651,
            "w": 0.06424,
            "x": 0.22727,
            "h": 0.08941
          }
        },
        "room_3": {
          "bounding_box": {
            "y": 0.0651,
            "w": 0.06545,
            "x": 0.29273,
            "h": 0.0902
          }
        },
        "room_4": {
          "bounding_box": {
            "y": 0.0651,
            "w": 0.06606,
            "x": 0.35939,
            "h": 0.0902
          }
        },
        "room_5": {
          "bounding_box": {
            "y": 0.0651,
            "w": 0.06545,
            "x": 0.42727,
            "h": 0.0902
          }
        },
        "room_6": {
          "bounding_box": {
            "y": 0.11059,
            "w": 0.06848,
            "x": 0.47818,
            "h": 0.13647
          }
        },
      "room_7": {
        "bounding_box": {
          "y": 0.0651,
          "w": 0.06485,
          "x": 0.54788,
          "h": 0.0902
        }
      },
      "room_8": {
        "bounding_box": {
          "y": 0.0651,
          "w": 0.06485,
          "x": 0.61394,
          "h": 0.0902
        }
      },
      "room_9": {
        "bounding_box": {
          "y": 0.11137,
          "w": 0.05394,
          "x": 0.67939,
          "h": 0.07294
        }
      },
      "room_10": {
        "bounding_box": {
          "y": 0.18588,
          "w": 0.05273,
          "x": 0.68061,
          "h": 0.06039
        }
      },
      "room_11": {
        "bounding_box": {
          "y": 0.28627,
          "w": 0.08061,
          "x": 0.65152,
          "h": 0.0949
        }
      },
      "room_12": {
        "bounding_box": {
          "y": 0.38275,
          "w": 0.08061,
          "x": 0.65152,
          "h": 0.09412
        }
      },
      "room_13": {
        "bounding_box": {
          "y": 0.48,
          "w": 0.08061,
          "x": 0.65152,
          "h": 0.09647
        }
      },
      "room_14": {
        "bounding_box": {
          "y": 0.57804,
          "w": 0.08061,
          "x": 0.65152,
          "h": 0.0949
        }
      },
      "room_15": {
        "bounding_box": {
          "y": 0.71059,
          "w": 0.06485,
          "x": 0.66727,
          "h": 0.07608
        }
      },
      "room_16": {
        "bounding_box": {
          "y": 0.76784,
          "w": 0.04364,
          "x": 0.68848,
          "h": 0.06588
          }
        },
        "room_17": {
          "bounding_box": {
            "y": 0.82902,
            "w": 0.06364,
            "x": 0.66848,
            "h": 0.06275
          }
        },
        "room_18": {
          "bounding_box": {
            "y": 0.82039,
            "w": 0.03939,
            "x": 0.62788,
            "h": 0.07137
          }
        },
        "room_19": {
          "bounding_box": {
            "y": 0.79922,
            "w": 0.08061,
            "x": 0.54606,
            "h": 0.09255
          }
        },
      "room_20": {
        "bounding_box": {
          "y": 0.7098,
          "w": 0.06788,
          "x": 0.47697,
          "h": 0.13647
        }
      },
      "room_21": {
        "bounding_box": {
          "y": 0.80235,
          "w": 0.06424,
          "x": 0.42727,
          "h": 0.08941
        }
      },
      "room_22": {
        "bounding_box": {
          "y": 0.80157,
          "w": 0.06485,
          "x": 0.36061,
          "h": 0.0902
        }
      },
      "room_23": {
        "bounding_box": {
          "y": 0.80157,
          "w": 0.06667,
          "x": 0.29273,
          "h": 0.0902
        }
      },
      "room_24": {
        "bounding_box": {
          "y": 0.80157,
          "w": 0.06545,
          "x": 0.22606,
          "h": 0.0902
        }
      },