{
    "assets": [
            "url(/assets/north1.png)",
            "url(/assets/north2.png)"
    ],
    "floors": {
        "1": {
          "room_0": {
            "bounding_box": {
              "x": 0.1697,
              "y": 0.82118,
              "w": 0.09727,
              "h": 0.09451
            }
          },
          "room_1": {
            "bounding_box": {
              "x": 0.70758,
              "y": 0.82118,
              "w": 0.09727,
              "h": 0.0949
            }
          },
          "room_2": {
            "bounding_box": {
              "x": 0.1697,
              "y": 0.72118,
              "w": 0.09727,
              "h": 0.09765
            }
          },
          "room_3": {
            "bounding_box": {
              "x": 0.70758,
              "y": 0.72157,
              "w": 0.09727,
              "h": 0.09725
            }
          },
          "room_4": {
            "bounding_box": {
              "x": 0.1697,
              "y": 0.61608,
              "w": 0.09727,
              "h": 0.10235
            }
          },
          "room_5": {
            "bounding_box": {
              "x": 0.70758,
              "y": 0.61608,
              "w": 0.09727,
              "h": 0.10235
            }
          },
          "room_6": {
            "bounding_box": {
              "x": 0.1697,
              "y": 0.51608,
              "w": 0.09727,
              "h": 0.09765
            }
          },
          "room_7": {
            "bounding_box": {
              "x": 0.70758,
              "y": 0.51647,
              "w": 0.09727,
              "h": 0.09725
            }
          },
          "room_8": {
            "bounding_box": {
              "x": 0.1697,
              "y": 0.41608,
              "w": 0.09727,
              "h": 0.09725
            }
          },
          "room_9": {
            "bounding_box": {
              "x": 0.70758,
              "y": 0.41608,
              "w": 0.09727,
              "h": 0.09765
            }
          },
          "room_10": {
            "bounding_box": {
              "x": 0.1697,
              "y": 0.31608,
              "w": 0.09727,
              "h": 0.09765
            }
          },
          "room_11": {
            "bounding_box": {
              "x": 0.70758,
              "y": 0.31647,
              "w": 0.09727,
              "h": 0.09725
            }
          },
          "room_12": {
            "bounding_box": {
              "x": 0.1697,
              "y": 0.21882,
              "w": 0.09727,
              "h": 0.0949
            }
          },
          "room_13": {
            "bounding_box": {
              "x": 0.70758,
              "y": 0.21882,
              "w": 0.09727,
              "h": 0.09529
            }
          },
          "room_14": {
            "bounding_box": {
              "x": 0.1697,
              "y": 0.11882,
              "w": 0.09727,
              "h": 0.09765
            }
          },
          "room_15": {
            "bounding_box": {
              "x": 0.70758,
              "y": 0.11922,
              "w": 0.09727,
              "h": 1.09725
            }
          },
          "room_16": {
            "bounding_box": {
              "x": 0.29788,
              "y": 0.08784,
              "w": 0.04909,
              "h": 0.08471
            }
          },
          "room_17": {
            "bounding_box": {
              "x": 0.62788,
              "y": 0.08784,
              "w": 0.04848,
              "h": 0.0851
            }
          },
          "room_18": {
            "bounding_box": {
              "x": 0.29788,
              "y": 0.21608,
              "w": 0.06273,
              "h": 0.12314
            }
          },
          "room_19": {
            "bounding_box": {
              "x": 0.62667,
              "y": 0.24706,
              "w": 0.0497,
              "h": 0.09216
            }
          },
          "room_20": {
            "bounding_box": {
              "x": 0.37515,
              "y": 0.08784,
              "w": 0.0497,
              "h": 0.0851
            }
          },
          "room_21": {
            "bounding_box": {
              "x": 0.54939,
              "y": 0.08784,
              "w": 0.05061,
              "h": 0.08471
            }
          },
          "room_22": {
            "bounding_box": {
              "x": 0.36212,
              "y": 0.21608,
              "w": 0.06273,
              "h": 0.12314
            }
          },
          "room_23": {
            "bounding_box": {
              "x": 0.54939,
              "y": 0.24706,
              "w": 0.04909,
              "h": 0.09216
            }
          },
          "room_24": {
            "bounding_box": {
              "x": 0.42667,
              "y": 0.08784,
              "w": 0.04515,
              "h": 0.0851
            }
          },
          "room_25": {
            "bounding_box": {
              "x": 0.4997,
              "y": 0.08784,
              "w": 0.04788,
              "h": 0.08471
            }
          }
        },
        "2": {
          "room_0": {
            "bounding_box": {
              "x": 0.17394,
              "y": 0.82039,
              "w": 0.09758,
              "h": 0.09529
            }
          },
          "room_1": {
            "bounding_box": {
              "x": 0.71394,
              "y": 0.82039,
              "w": 0.09788,
              "h": 0.09569
            }
          },
          "room_2": {
            "bounding_box": {
              "x": 0.17394,
              "y": 0.72,
              "w": 0.09758,
              "h": 0.09804
            }
          },
          "room_3": {
            "bounding_box": {
              "x": 0.71394,
              "y": 0.72039,
              "w": 0.09788,
              "h": 0.09765
            }
          },
          "room_4": {
            "bounding_box": {
              "x": 0.17394,
              "y": 0.61451,
              "w": 0.09758,
              "h": 0.10314
            }
          },
          "room_5": {
            "bounding_box": {
              "x": 0.71394,
              "y": 0.61451,
              "w": 0.09788,
              "h": 0.10314
            }
          },
          "room_6": {
            "bounding_box": {
              "x": 0.17394,
              "y": 0.51451,
              "w": 0.09758,
              "h": 0.09804
            }
          },
          "room_7": {
            "bounding_box": {
              "x": 0.71394,
              "y": 0.5149,
              "w": 0.09788,
              "h": 0.09765
            }
          },
          "room_8": {
            "bounding_box": {
              "x": 0.17394,
              "y": 0.41412,
              "w": 0.09758,
              "h": 0.09765
            }
          },
          "room_9": {
            "bounding_box": {
              "x": 0.71394,
              "y": 0.41412,
              "w": 0.09788,
              "h": 0.09804
            }
          },
          "room_10": {
            "bounding_box": {
              "x": 0.17394,
              "y": 0.31373,
              "w": 0.09758,
              "h": 0.09804
            }
          },
          "room_11": {
            "bounding_box": {
              "x": 0.71394,
              "y": 0.31412,
              "w": 0.09788,
              "h": 0.09765
            }
          },
          "room_12": {
            "bounding_box": {
              "x": 0.17394,
              "y": 0.21608,
              "w": 0.09758,
              "h": 0.0949
            }
          },
          "room_13": {
            "bounding_box": {
              "x": 0.71394,
              "y": 0.21608,
              "w": 0.09788,
              "h": 0.09529
            }
          },
          "room_14": {
            "bounding_box": {
              "x": 0.17394,
              "y": 0.11569,
              "w": 0.09758,
              "h": 0.09804
            }
          },