{
    "assets": [
        "url(/assets/sontag1.png)",
        "url(/assets/sontag2.png)"
    ],
    
    "floors": {
            "1": {
          "room_0": {
            "bounding_box": {
              "x": 0.16061,
              "y": 0.87059,
              "w": 0.06545,
              "h": 0.05333
            }
          },
          "room_1": {
            "bounding_box": {
              "x": 0.16061,
              "y": 0.81255,
              "w": 0.05273,
              "h": 0.05333
            }
          },
          "room_2": {
            "bounding_box": {
              "x": 0.16061,
              "y": 0.75529,
              "w": 0.05273,
              "h": 0.05333
            }
          },
          "room_3": {
            "bounding_box": {
              "x": 0.14061,
              "y": 0.66196,
              "w": 0.07333,
              "h": 0.08863
            }
          },
          "room_4": {
            "bounding_box": {
              "x": 0.16061,
              "y": 0.39451,
              "w": 0.06545,
              "h": 0.05255
            }
          },
          "room_5": {
            "bounding_box": {
              "x": 0.16061,
              "y": 0.45176,
              "w": 0.05394,
              "h": 0.05333
            }
          },
          "room_6": {
            "bounding_box": {
              "x": 0.16061,
              "y": 0.50902,
              "w": 0.05394,
              "h": 0.05333
            }
          },
          "room_7": {
            "bounding_box": {
              "x": 0.14061,
              "y": 0.56706,
              "w": 0.07394,
              "h": 0.08863
            }
          },
          "room_8": {
            "bounding_box": {
              "x": 0.16061,
              "y": 0.12471,
              "w": 0.06545,
              "h": 0.05333
            }
          },
          "room_9": {
            "bounding_box": {
              "x": 0.16061,
              "y": 0.18275,
              "w": 0.05515,
              "h": 0.05333
            }
          },
          "room_10": {
            "bounding_box": {
              "x": 0.16061,
              "y": 0.24,
              "w": 0.05758,
              "h": 0.05412
            }
          },
          "room_11": {
            "bounding_box": {
              "x": 0.14061,
              "y": 0.29804,
              "w": 0.07394,
              "h": 0.08784
            }
          },
          "room_12": {
            "bounding_box": {
              "x": 0.41273,
              "y": 0.12471,
              "w": 0.07273,
              "h": 0.08863
            }
          },
          "room_13": {
            "bounding_box": {
              "x": 0.61333,
              "y": 0.12471,
              "w": 0.04182,
              "h": 0.07294
            }
          },
          "room_14": {
            "bounding_box": {
              "x": 0.5697,
              "y": 0.12471,
              "w": 0.04121,
              "h": 0.0698
            }
          },
          "room_15": {
            "bounding_box": {
              "x": 0.48909,
              "y": 0.12471,
              "w": 0.07818,
              "h": 0.0902
            }
          },
          "room_16": {
            "bounding_box": {
              "x": 0.76121,
              "y": 0.12471,
              "w": 0.06727,
              "h": 0.05412
            }
          },
          "room_17": {
            "bounding_box": {
              "x": 0.76727,
              "y": 0.18275,
              "w": 0.06121,
              "h": 0.05333
            }
          },
          "room_18": {
            "bounding_box": {
              "x": 0.76848,
              "y": 0.24,
              "w": 0.06,
              "h": 0.05412
            }
          },
          "room_19": {
            "bounding_box": {
              "x": 0.76848,
              "y": 0.29804,
              "w": 0.07939,
              "h": 0.08784
            }
          },
          "room_20": {
            "bounding_box": {
              "x": 0.76242,
              "y": 0.39451,
              "w": 0.06606,
              "h": 0.05255
            }
          },
          "room_21": {
            "bounding_box": {
              "x": 0.76364,
              "y": 0.45176,
              "w": 0.06485,
              "h": 0.05333
            }
          },
          "room_22": {
            "bounding_box": {
              "x": 0.76364,
              "y": 0.50902,
              "w": 0.06485,
              "h": 0.05333
            }
          },
          "room_23": {
            "bounding_box": {
              "x": 0.77576,
              "y": 0.56706,
              "w": 0.07212,
              "h": 0.08863
            }
          },
          "room_24": {
            "bounding_box": {
              "x": 0.76303,
              "y": 0.87059,
              "w": 0.06545,
              "h": 0.05333
            }
          },
          "room_25": {
            "bounding_box": {
              "x": 0.76909,
              "y": 0.81255,
              "w": 0.05939,
              "h": 0.05333
            }
          },
          "room_26": {
            "bounding_box": {
              "x": 0.77091,
              "y": 0.75529,
              "w": 0.05758,
              "h": 0.05333
            }
          },
          "room_27": {
            "bounding_box": {
              "x": 0.7703,
              "y": 0.66196,
              "w": 0.07758,
              "h": 0.08863
            }
          }
      },
      
      "2": {
          "room_0": {
            "bounding_box": {
              "x": 0.19333,
              "y": 0.84784,
              "w": 0.05879,
              "h": 0.05098
            }
          },
          "room_1": {
            "bounding_box": {
              "x": 0.19333,
              "y": 0.79216,
              "w": 0.04606,
              "h": 0.05176
            }
          },
          "room_2": {
            "bounding_box": {
              "x": 0.19333,
              "y": 0.73725,
              "w": 0.04727,
              "h": 0.05098
            }
          },
          "room_3": {
            "bounding_box": {
              "x": 0.17576,
              "y": 0.64863,
              "w": 0.06545,
              "h": 0.08471
            }
          },
          "room_4": {
            "bounding_box": {
              "x": 0.19333,
              "y": 0.39137,
              "w": 0.05879,
              "h": 0.05098
            }
          },
          "room_5": {
            "bounding_box": {
              "x": 0.19333,
              "y": 0.44627,
              "w": 0.04727,
              "h": 0.05176
            }
          },
          "room_6": {
            "bounding_box": {
              "x": 0.19333,
              "y": 0.50196,
              "w": 0.04727,
              "h": 0.05098
            }
          },
          "room_7": {
            "bounding_box": {
              "x": 0.17576,
              "y": 0.55686,
              "w": 0.06606,
              "h": 0.08471
            }
          },
          "room_8": {
            "bounding_box": {
              "x": 0.19333,
              "y": 0.13333,
              "w": 0.05879,
              "h": 0.05176
            }
          },
          "room_9": {
            "bounding_box": {
              "x": 0.19333,
              "y": 0.18902,
              "w": 0.0497,
              "h": 0.05098
            }
          },
          "room_10": {
            "bounding_box": {
              "x": 0.19333,
              "y": 0.24392,
              "w": 0.04909,
              "h": 0.05098
            }
          },
          "room_11": {
            "bounding_box": {
              "x": 0.17576,
              "y": 0.29882,
              "w": 0.06727,
              "h": 0.08471
            }
          },
          "room_12": {
            "bounding_box": {
              "x": 0.34848,
              "y": 0.13333,
              "w": 0.03758,
              "h": 0.0698
            }
          },