{
    "assets": [
            "url(/assets/west1.png)",
            "url(/assets/west2.png)"
    ],
    "floors": {
        "1": {
          "room_0": {
            "bounding_box": {
              "w": 0.09091,
              "x": 0.68,
              "h": 0.08941,
              "y": 0.81882
            }
          },
          "room_1": {
            "bounding_box": {
              "w": 0.09091,
              "x": 0.17636,
              "h": 0.08863,
              "y": 0.81882
            }
          },
           "room_2": {
            "bounding_box": {
              "w": 0.09091,
              "x": 0.68,
              "h": 0.09098,
              "y": 0.72627
            }
          },
           "room_3": {
            "bounding_box": {
              "w": 0.09091,
              "x": 0.17636,
              "h": 0.09176,
              "y": 0.72549
            }
          },
          "room_4": {
            "bounding_box": {
              "w": 0.09091,
              "x": 0.68,
              "h": 0.09569,
              "y": 0.62745
            }
          },
          "room_5": {
            "bounding_box": {
              "w": 0.09091,
              "x": 0.17636,
              "h": 0.09569,
              "y": 0.62745
            }
          },
          "room_6": {
            "bounding_box": {
              "w": 0.09091,
              "x": 0.68,
              "h": 0.09098,
              "y": 0.53412
            }
          },
          "room_7": {
            "bounding_box": {
              "w": 0.09091,
              "x": 0.17636,
              "h": 0.09176,
              "y": 0.53333
            }
          },
          "room_8": {
            "bounding_box": {
              "w": 0.09091,
              "x": 0.68,
              "h": 0.09176,
              "y": 0.44
            }
          },
          "room_9": {
            "bounding_box": {
              "w": 0.09091,
              "x": 0.17636,
              "h": 0.09098,
              "y": 0.44
            }
          },
          "room_10": {
            "bounding_box": {
              "w": 0.09091,
              "x": 0.68,
              "h": 0.09098,
              "y": 0.34745
            }
          },
          "room_11": {
            "bounding_box": {
              "w": 0.09091,
              "x": 0.17636,
              "h": 0.09176,
              "y": 0.34667
            }
          },
          "room_12": {
            "bounding_box": {
              "w": 0.09091,
              "x": 0.68,
              "h": 0.08941,
              "y": 0.25569
            }
          },
          "room_13": {
            "bounding_box": {
              "w": 0.09091,
              "x": 0.17636,
              "h": 0.08863,
              "y": 0.25569
            }
          },
          "room_14": {
            "bounding_box": {
              "w": 0.09091,
              "x": 0.68,
              "h": 0.09098,
              "y": 0.16235
            }
          },
         "room_15": {
            "bounding_box": {
              "w": 0.09091,
              "x": 0.17636,
              "h": 0.09176,
              "y": 0.16157
            }
          },
          "room_16": {
            "bounding_box": {
              "w": 0.04545,
              "x": 0.60545,
              "h": 0.07922,
              "y": 0.13333
            }
          },
            "room_17": {
            "bounding_box": {
              "w": 0.04667,
              "x": 0.29636,
              "h": 0.07843,
              "y": 0.13333
            }
          }, 
          "room_18": {
            "bounding_box": {
              "w": 0.04667,
              "x": 0.60424,
              "h": 0.08627,
              "y": 0.28157
            }
          },
          "room_19": {
            "bounding_box": {
              "w": 0.05818,
              "x": 0.29636,
              "h": 0.11529,
              "y": 0.25255
            }
          },
          "room_20": {
            "bounding_box": {
              "w": 0.04727,
              "x": 0.53212,
              "h": 0.07843,
              "y": 0.13333
            }
          },
          "room_21": {
            "bounding_box": {
              "w": 0.04667,
              "x": 0.36909,
              "h": 0.07922,
              "y": 0.13333
            }
          },
          "room_22": {
            "bounding_box": {
              "w": 0.04606,
              "x": 0.53212,
              "h": 0.08627,
              "y": 0.28157
            }
          },
          "room_23": {
            "bounding_box": {
              "w": 0.06,
              "x": 0.35576,
              "h": 0.11608,
              "y": 0.25176
            }
          },
         "room_24": {
            "bounding_box": {
              "w": 0.04545,
              "x": 0.48545,
              "h": 0.08,
              "y": 0.13255
            }
          },
          "room_25": {
            "bounding_box": {
              "w": 0.04303,
              "x": 0.41697,
              "h": 0.07922,
              "y": 0.13333
            }
          }
      },
      
      "2": {
          "room_0": {
            "bounding_box": {
              "x": 0.69697,
              "h": 0.0949,
              "y": 0.82118,
              "w": 0.09758
            }
          },
            "room_1": {
            "bounding_box": {
              "x": 0.15879,
              "h": 0.09412,
              "y": 0.82118,
              "w": 0.09758
            }
          },
            "room_2": {
            "bounding_box": {
              "x": 0.69697,
              "h": 0.09725,
              "y": 0.72157,
              "w": 0.09758
            }
          },
          "room_3": {
            "bounding_box": {
              "x": 0.15879,
              "h": 0.09804,
              "y": 0.72078,
              "w": 0.09758
            }
          },
          "room_4": {
            "bounding_box": {
              "x": 0.69697,
              "h": 0.10275,
              "y": 0.61569,
              "w": 0.09758
            }
          },
          "room_5": {
            "bounding_box": {
              "x": 0.15879,
              "h": 0.10275,
              "y": 0.61569,
              "w": 0.09758
            }
          },
          "room_6": {
            "bounding_box": {
              "x": 0.69697,
              "h": 0.09725,
              "y": 0.51686,
              "w": 0.09758
            }
          },
          "room_7": {
            "bounding_box": {
              "x": 0.15879,
              "h": 0.09804,
              "y": 0.51608,
              "w": 0.09758
            }
          },
          "room_8": {
            "bounding_box": {
              "x": 0.69697,
              "h": 0.09804,
              "y": 0.41569,
              "w": 0.09758
            }
          },
          "room_9": {
            "bounding_box": {
              "x": 0.15879,
              "h": 0.09725,
              "y": 0.41569,
              "w": 0.09758
            }
          },
          "room_10": {
            "bounding_box": {
              "x": 0.69697,
              "h": 0.09725,
              "y": 0.31686,
              "w": 0.09758
            }
          },
          "room_11": {
            "bounding_box": {
              "x": 0.15879,
              "h": 0.09804,
              "y": 0.31608,
              "w": 0.09758
            }
          },
          "room_12": {
            "bounding_box": {
              "x": 0.69697,
              "h": 0.09569,
              "y": 0.21882,
              "w": 0.09758
            }
          },
          "room_13": {
            "bounding_box": {
              "x": 0.15879,
              "h": 0.0949,
              "y": 0.21882,
              "w": 0.09758
            }
          },
          "room_14": {
            "bounding_box": {
              "x": 0.69697,
              "h": 0.09725,
              "y": 0.11922,
              "w": 0.09758
            }
          },